,loc_index,Province/State,Country/Region,Lat,Long,date,people,state
47,0,Anhui,Mainland China,31.8257,117.2264,3/9/20,6,D
95,0,Anhui,Mainland China,31.8257,117.2264,3/9/20,990,C
143,0,Anhui,Mainland China,31.8257,117.2264,3/9/20,984,R
191,1,Beijing,Mainland China,40.1824,116.4142,3/9/20,8,D
239,1,Beijing,Mainland China,40.1824,116.4142,3/9/20,428,C
287,1,Beijing,Mainland China,40.1824,116.4142,3/9/20,315,R
335,2,Chongqing,Mainland China,30.0572,107.874,3/9/20,6,D
383,2,Chongqing,Mainland China,30.0572,107.874,3/9/20,576,C
431,2,Chongqing,Mainland China,30.0572,107.874,3/9/20,542,R
479,3,Fujian,Mainland China,26.0789,117.9874,3/9/20,1,D
527,3,Fujian,Mainland China,26.0789,117.9874,3/9/20,296,C
575,3,Fujian,Mainland China,26.0789,117.9874,3/9/20,295,R
623,4,Gansu,Mainland China,36.0611,103.8343,3/9/20,2,D
671,4,Gansu,Mainland China,36.0611,103.8343,3/9/20,124,C
719,4,Gansu,Mainland China,36.0611,103.8343,3/9/20,88,R
767,5,Guangdong,Mainland China,23.3417,113.4244,3/9/20,8,D
815,5,Guangdong,Mainland China,23.3417,113.4244,3/9/20,1352,C
863,5,Guangdong,Mainland China,23.3417,113.4244,3/9/20,1260,R
911,6,Guangxi,Mainland China,23.8298,108.7881,3/9/20,2,D
959,6,Guangxi,Mainland China,23.8298,108.7881,3/9/20,252,C
1007,6,Guangxi,Mainland China,23.8298,108.7881,3/9/20,230,R
1055,7,Guizhou,Mainland China,26.8154,106.8748,3/9/20,2,D
1103,7,Guizhou,Mainland China,26.8154,106.8748,3/9/20,146,C
1151,7,Guizhou,Mainland China,26.8154,106.8748,3/9/20,123,R
1199,8,Hainan,Mainland China,19.1959,109.7453,3/9/20,6,D
1247,8,Hainan,Mainland China,19.1959,109.7453,3/9/20,168,C
1295,8,Hainan,Mainland China,19.1959,109.7453,3/9/20,159,R
1343,9,Hebei,Mainland China,38.0428,114.5149,3/9/20,6,D
1391,9,Hebei,Mainland China,38.0428,114.5149,3/9/20,318,C
1439,9,Hebei,Mainland China,38.0428,114.5149,3/9/20,307,R
1487,10,Heilongjiang,Mainland China,47.861999999999995,127.7615,3/9/20,13,D
1535,10,Heilongjiang,Mainland China,47.861999999999995,127.7615,3/9/20,481,C
1583,10,Heilongjiang,Mainland China,47.861999999999995,127.7615,3/9/20,430,R
1631,11,Henan,Mainland China,33.882020000000004,113.61399999999999,3/9/20,22,D
1679,11,Henan,Mainland China,33.882020000000004,113.61399999999999,3/9/20,1272,C
1727,11,Henan,Mainland China,33.882020000000004,113.61399999999999,3/9/20,1247,R
1775,12,Hubei,Mainland China,30.9756,112.2707,3/9/20,3008,D
1823,12,Hubei,Mainland China,30.9756,112.2707,3/9/20,67743,C
1871,12,Hubei,Mainland China,30.9756,112.2707,3/9/20,46488,R
1919,13,Hunan,Mainland China,27.6104,111.7088,3/9/20,4,D
1967,13,Hunan,Mainland China,27.6104,111.7088,3/9/20,1018,C
2015,13,Hunan,Mainland China,27.6104,111.7088,3/9/20,979,R
2063,14,Inner Mongolia,Mainland China,44.0935,113.9448,3/9/20,1,D
2111,14,Inner Mongolia,Mainland China,44.0935,113.9448,3/9/20,75,C
2159,14,Inner Mongolia,Mainland China,44.0935,113.9448,3/9/20,70,R
2207,15,Jiangsu,Mainland China,32.9711,119.455,3/9/20,0,D
2255,15,Jiangsu,Mainland China,32.9711,119.455,3/9/20,631,C
2303,15,Jiangsu,Mainland China,32.9711,119.455,3/9/20,621,R
2351,16,Jiangxi,Mainland China,27.614,115.7221,3/9/20,1,D
2399,16,Jiangxi,Mainland China,27.614,115.7221,3/9/20,935,C
2447,16,Jiangxi,Mainland China,27.614,115.7221,3/9/20,923,R
2495,17,Jilin,Mainland China,43.6661,126.1923,3/9/20,1,D
2543,17,Jilin,Mainland China,43.6661,126.1923,3/9/20,93,C
2591,17,Jilin,Mainland China,43.6661,126.1923,3/9/20,91,R
2639,18,Liaoning,Mainland China,41.2956,122.6085,3/9/20,1,D
2687,18,Liaoning,Mainland China,41.2956,122.6085,3/9/20,125,C
2735,18,Liaoning,Mainland China,41.2956,122.6085,3/9/20,109,R
2783,19,Ningxia,Mainland China,37.2692,106.1655,3/9/20,0,D
2831,19,Ningxia,Mainland China,37.2692,106.1655,3/9/20,75,C
2879,19,Ningxia,Mainland China,37.2692,106.1655,3/9/20,71,R
2927,20,Qinghai,Mainland China,35.7452,95.9956,3/9/20,0,D
2975,20,Qinghai,Mainland China,35.7452,95.9956,3/9/20,18,C
3023,20,Qinghai,Mainland China,35.7452,95.9956,3/9/20,18,R
3071,21,Shaanxi,Mainland China,35.1917,108.8701,3/9/20,1,D
3119,21,Shaanxi,Mainland China,35.1917,108.8701,3/9/20,245,C
3167,21,Shaanxi,Mainland China,35.1917,108.8701,3/9/20,227,R
3215,22,Shandong,Mainland China,36.3427,118.1498,3/9/20,6,D
3263,22,Shandong,Mainland China,36.3427,118.1498,3/9/20,758,C
3311,22,Shandong,Mainland China,36.3427,118.1498,3/9/20,700,R
3359,23,Shanghai,Mainland China,31.201999999999998,121.4491,3/9/20,3,D
3407,23,Shanghai,Mainland China,31.201999999999998,121.4491,3/9/20,342,C
3455,23,Shanghai,Mainland China,31.201999999999998,121.4491,3/9/20,315,R
3503,24,Shanxi,Mainland China,37.5777,112.2922,3/9/20,0,D
3551,24,Shanxi,Mainland China,37.5777,112.2922,3/9/20,133,C
3599,24,Shanxi,Mainland China,37.5777,112.2922,3/9/20,127,R
3647,25,Sichuan,Mainland China,30.6171,102.7103,3/9/20,3,D
3695,25,Sichuan,Mainland China,30.6171,102.7103,3/9/20,539,C
3743,25,Sichuan,Mainland China,30.6171,102.7103,3/9/20,466,R
3791,26,Tianjin,Mainland China,39.3054,117.323,3/9/20,3,D
3839,26,Tianjin,Mainland China,39.3054,117.323,3/9/20,136,C
3887,26,Tianjin,Mainland China,39.3054,117.323,3/9/20,130,R
3935,27,Tibet,Mainland China,31.6927,88.0924,3/9/20,0,D
3983,27,Tibet,Mainland China,31.6927,88.0924,3/9/20,1,C
4031,27,Tibet,Mainland China,31.6927,88.0924,3/9/20,1,R
4079,28,Xinjiang,Mainland China,41.1129,85.2401,3/9/20,3,D
4127,28,Xinjiang,Mainland China,41.1129,85.2401,3/9/20,76,C
4175,28,Xinjiang,Mainland China,41.1129,85.2401,3/9/20,73,R
4223,29,Yunnan,Mainland China,24.974,101.48700000000001,3/9/20,2,D
4271,29,Yunnan,Mainland China,24.974,101.48700000000001,3/9/20,174,C
4319,29,Yunnan,Mainland China,24.974,101.48700000000001,3/9/20,170,R
4367,30,Zhejiang,Mainland China,29.1832,120.0934,3/9/20,1,D
4415,30,Zhejiang,Mainland China,29.1832,120.0934,3/9/20,1215,C
4463,30,Zhejiang,Mainland China,29.1832,120.0934,3/9/20,1176,R
4511,31,,Thailand,15.0,101.0,3/9/20,1,D
4559,31,,Thailand,15.0,101.0,3/9/20,50,C
4607,31,,Thailand,15.0,101.0,3/9/20,31,R
4655,32,,Japan,36.0,138.0,3/9/20,17,D
4703,32,,Japan,36.0,138.0,3/9/20,511,C
4751,32,,Japan,36.0,138.0,3/9/20,76,R
4799,33,,South Korea,36.0,128.0,3/9/20,53,D
4847,33,,South Korea,36.0,128.0,3/9/20,7478,C
4895,33,,South Korea,36.0,128.0,3/9/20,118,R
4943,34,Taiwan,Taiwan,23.7,121.0,3/9/20,1,D
4991,34,Taiwan,Taiwan,23.7,121.0,3/9/20,45,C
5039,34,Taiwan,Taiwan,23.7,121.0,3/9/20,15,R
5087,35,"King County, WA",US,47.6062,-122.3321,3/9/20,17,D
5135,35,"King County, WA",US,47.6062,-122.3321,3/9/20,83,C
5183,35,"King County, WA",US,47.6062,-122.3321,3/9/20,1,R
5231,36,"Cook County, IL",US,41.7377,-87.6976,3/9/20,0,D
5279,36,"Cook County, IL",US,41.7377,-87.6976,3/9/20,7,C
5327,36,"Cook County, IL",US,41.7377,-87.6976,3/9/20,2,R
5375,37,Macau,Macau,22.1667,113.55,3/9/20,0,D
5423,37,Macau,Macau,22.1667,113.55,3/9/20,10,C
5471,37,Macau,Macau,22.1667,113.55,3/9/20,10,R
5519,38,Hong Kong,Hong Kong,22.3,114.2,3/9/20,3,D
5567,38,Hong Kong,Hong Kong,22.3,114.2,3/9/20,115,C
5615,38,Hong Kong,Hong Kong,22.3,114.2,3/9/20,59,R
5663,39,,Singapore,1.2833,103.8333,3/9/20,0,D
5711,39,,Singapore,1.2833,103.8333,3/9/20,150,C
5759,39,,Singapore,1.2833,103.8333,3/9/20,78,R
5807,40,,Vietnam,16.0,108.0,3/9/20,0,D
5855,40,,Vietnam,16.0,108.0,3/9/20,30,C
5903,40,,Vietnam,16.0,108.0,3/9/20,16,R
5951,41,,France,47.0,2.0,3/9/20,19,D
5999,41,,France,47.0,2.0,3/9/20,1209,C
6047,41,,France,47.0,2.0,3/9/20,12,R
6095,42,,Nepal,28.1667,84.25,3/9/20,0,D
6143,42,,Nepal,28.1667,84.25,3/9/20,1,C
6191,42,,Nepal,28.1667,84.25,3/9/20,1,R
6239,43,,Malaysia,2.5,112.5,3/9/20,0,D
6287,43,,Malaysia,2.5,112.5,3/9/20,117,C
6335,43,,Malaysia,2.5,112.5,3/9/20,24,R
6383,44,British Columbia,Canada,49.2827,-123.1207,3/9/20,1,D
6431,44,British Columbia,Canada,49.2827,-123.1207,3/9/20,32,C
6479,44,British Columbia,Canada,49.2827,-123.1207,3/9/20,4,R
6527,45,"Los Angeles, CA",US,34.0522,-118.2437,3/9/20,0,D
6575,45,"Los Angeles, CA",US,34.0522,-118.2437,3/9/20,14,C
6623,45,"Los Angeles, CA",US,34.0522,-118.2437,3/9/20,0,R
6671,46,New South Wales,Australia,-33.8688,151.2093,3/9/20,3,D
6719,46,New South Wales,Australia,-33.8688,151.2093,3/9/20,48,C
6767,46,New South Wales,Australia,-33.8688,151.2093,3/9/20,4,R
6815,47,Victoria,Australia,-37.8136,144.9631,3/9/20,0,D
6863,47,Victoria,Australia,-37.8136,144.9631,3/9/20,15,C
6911,47,Victoria,Australia,-37.8136,144.9631,3/9/20,7,R
6959,48,Queensland,Australia,-28.0167,153.4,3/9/20,0,D
7007,48,Queensland,Australia,-28.0167,153.4,3/9/20,15,C
7055,48,Queensland,Australia,-28.0167,153.4,3/9/20,8,R
7103,49,,Cambodia,11.55,104.9167,3/9/20,0,D
7151,49,,Cambodia,11.55,104.9167,3/9/20,2,C
7199,49,,Cambodia,11.55,104.9167,3/9/20,1,R
7247,50,,Sri Lanka,7.0,81.0,3/9/20,0,D
7295,50,,Sri Lanka,7.0,81.0,3/9/20,1,C
7343,50,,Sri Lanka,7.0,81.0,3/9/20,1,R
7391,51,,Germany,51.0,9.0,3/9/20,2,D
7439,51,,Germany,51.0,9.0,3/9/20,1176,C
7487,51,,Germany,51.0,9.0,3/9/20,18,R
7535,52,,Finland,64.0,26.0,3/9/20,0,D
7583,52,,Finland,64.0,26.0,3/9/20,30,C
7631,52,,Finland,64.0,26.0,3/9/20,1,R
7679,53,,United Arab Emirates,24.0,54.0,3/9/20,0,D
7727,53,,United Arab Emirates,24.0,54.0,3/9/20,45,C
7775,53,,United Arab Emirates,24.0,54.0,3/9/20,7,R
7823,54,,Philippines,13.0,122.0,3/9/20,1,D
7871,54,,Philippines,13.0,122.0,3/9/20,20,C
7919,54,,Philippines,13.0,122.0,3/9/20,1,R
7967,55,,India,21.0,78.0,3/9/20,0,D
8015,55,,India,21.0,78.0,3/9/20,43,C
8063,55,,India,21.0,78.0,3/9/20,3,R
8111,56,,Italy,43.0,12.0,3/9/20,463,D
8159,56,,Italy,43.0,12.0,3/9/20,9172,C
8207,56,,Italy,43.0,12.0,3/9/20,724,R
8255,57,,UK,55.0,-3.0,3/9/20,4,D
8303,57,,UK,55.0,-3.0,3/9/20,321,C
8351,57,,UK,55.0,-3.0,3/9/20,18,R
8399,58,,Russia,60.0,90.0,3/9/20,0,D
8447,58,,Russia,60.0,90.0,3/9/20,17,C
8495,58,,Russia,60.0,90.0,3/9/20,3,R
8543,59,,Sweden,63.0,16.0,3/9/20,0,D
8591,59,,Sweden,63.0,16.0,3/9/20,248,C
8639,59,,Sweden,63.0,16.0,3/9/20,1,R
8687,60,,Spain,40.0,-4.0,3/9/20,28,D
8735,60,,Spain,40.0,-4.0,3/9/20,1073,C
8783,60,,Spain,40.0,-4.0,3/9/20,32,R
8831,61,South Australia,Australia,-34.9285,138.6007,3/9/20,0,D
8879,61,South Australia,Australia,-34.9285,138.6007,3/9/20,7,C
8927,61,South Australia,Australia,-34.9285,138.6007,3/9/20,2,R
8975,62,"San Benito, CA",US,36.5761,-120.9876,3/9/20,0,D
9023,62,"San Benito, CA",US,36.5761,-120.9876,3/9/20,2,C
9071,62,"San Benito, CA",US,36.5761,-120.9876,3/9/20,0,R
9119,63,,Belgium,50.8333,4.0,3/9/20,0,D
9167,63,,Belgium,50.8333,4.0,3/9/20,239,C
9215,63,,Belgium,50.8333,4.0,3/9/20,1,R
9263,64,"Madison, WI",US,43.0731,-89.4012,3/9/20,0,D
9311,64,"Madison, WI",US,43.0731,-89.4012,3/9/20,1,C
9359,64,"Madison, WI",US,43.0731,-89.4012,3/9/20,1,R
9407,65,Diamond Princess cruise ship,Others,35.4437,139.638,3/9/20,6,D
9455,65,Diamond Princess cruise ship,Others,35.4437,139.638,3/9/20,696,C
9503,65,Diamond Princess cruise ship,Others,35.4437,139.638,3/9/20,40,R
9551,66,"San Diego County, CA",US,32.7157,-117.1611,3/9/20,0,D
9599,66,"San Diego County, CA",US,32.7157,-117.1611,3/9/20,3,C
9647,66,"San Diego County, CA",US,32.7157,-117.1611,3/9/20,1,R
9695,67,"San Antonio, TX",US,29.4241,-98.4936,3/9/20,0,D
9743,67,"San Antonio, TX",US,29.4241,-98.4936,3/9/20,1,C
9791,67,"San Antonio, TX",US,29.4241,-98.4936,3/9/20,0,R
9839,68,,Egypt,26.0,30.0,3/9/20,1,D
9887,68,,Egypt,26.0,30.0,3/9/20,55,C
9935,68,,Egypt,26.0,30.0,3/9/20,12,R
9983,69,,Iran,32.0,53.0,3/9/20,237,D
10031,69,,Iran,32.0,53.0,3/9/20,7161,C
10079,69,,Iran,32.0,53.0,3/9/20,2394,R
10127,70,"Omaha, NE (From Diamond Princess)",US,41.2545,-95.9758,3/9/20,0,D
10175,70,"Omaha, NE (From Diamond Princess)",US,41.2545,-95.9758,3/9/20,0,C
10223,70,"Omaha, NE (From Diamond Princess)",US,41.2545,-95.9758,3/9/20,0,R
10271,71,"Travis, CA (From Diamond Princess)",US,38.2721,-121.9399,3/9/20,0,D
10319,71,"Travis, CA (From Diamond Princess)",US,38.2721,-121.9399,3/9/20,0,C
10367,71,"Travis, CA (From Diamond Princess)",US,38.2721,-121.9399,3/9/20,0,R
10415,72,From Diamond Princess,Australia,35.4437,139.638,3/9/20,0,D
10463,72,From Diamond Princess,Australia,35.4437,139.638,3/9/20,0,C
10511,72,From Diamond Princess,Australia,35.4437,139.638,3/9/20,0,R
10559,73,"Lackland, TX (From Diamond Princess)",US,29.3829,-98.6134,3/9/20,0,D
10607,73,"Lackland, TX (From Diamond Princess)",US,29.3829,-98.6134,3/9/20,0,C
10655,73,"Lackland, TX (From Diamond Princess)",US,29.3829,-98.6134,3/9/20,0,R
10703,74,,Lebanon,33.8547,35.8623,3/9/20,0,D
10751,74,,Lebanon,33.8547,35.8623,3/9/20,32,C
10799,74,,Lebanon,33.8547,35.8623,3/9/20,1,R
10847,75,"Humboldt County, CA",US,40.745,-123.8695,3/9/20,0,D
10895,75,"Humboldt County, CA",US,40.745,-123.8695,3/9/20,1,C
10943,75,"Humboldt County, CA",US,40.745,-123.8695,3/9/20,0,R
10991,76,"Sacramento County, CA",US,38.4747,-121.3542,3/9/20,0,D
11039,76,"Sacramento County, CA",US,38.4747,-121.3542,3/9/20,2,C
11087,76,"Sacramento County, CA",US,38.4747,-121.3542,3/9/20,0,R
11135,77,,Iraq,33.0,44.0,3/9/20,6,D
11183,77,,Iraq,33.0,44.0,3/9/20,60,C
11231,77,,Iraq,33.0,44.0,3/9/20,9,R
11279,78,Unassigned Location (From Diamond Princess),US,35.4437,139.638,3/9/20,0,D
11327,78,Unassigned Location (From Diamond Princess),US,35.4437,139.638,3/9/20,45,C
11375,78,Unassigned Location (From Diamond Princess),US,35.4437,139.638,3/9/20,0,R
11423,79,,Oman,21.0,57.0,3/9/20,0,D
11471,79,,Oman,21.0,57.0,3/9/20,16,C
11519,79,,Oman,21.0,57.0,3/9/20,2,R
11567,80,,Afghanistan,33.0,65.0,3/9/20,0,D
11615,80,,Afghanistan,33.0,65.0,3/9/20,4,C
11663,80,,Afghanistan,33.0,65.0,3/9/20,0,R
11711,81,,Bahrain,26.0275,50.55,3/9/20,0,D
11759,81,,Bahrain,26.0275,50.55,3/9/20,95,C
11807,81,,Bahrain,26.0275,50.55,3/9/20,14,R
11855,82,,Kuwait,29.5,47.75,3/9/20,0,D
11903,82,,Kuwait,29.5,47.75,3/9/20,64,C
11951,82,,Kuwait,29.5,47.75,3/9/20,1,R
11999,83,,Algeria,28.0339,1.6596,3/9/20,0,D
12047,83,,Algeria,28.0339,1.6596,3/9/20,20,C
12095,83,,Algeria,28.0339,1.6596,3/9/20,0,R
12143,84,,Croatia,45.1,15.2,3/9/20,0,D
12191,84,,Croatia,45.1,15.2,3/9/20,12,C
12239,84,,Croatia,45.1,15.2,3/9/20,0,R
12287,85,,Switzerland,46.8182,8.2275,3/9/20,2,D
12335,85,,Switzerland,46.8182,8.2275,3/9/20,374,C
12383,85,,Switzerland,46.8182,8.2275,3/9/20,3,R
12431,86,,Austria,47.5162,14.5501,3/9/20,0,D
12479,86,,Austria,47.5162,14.5501,3/9/20,131,C
12527,86,,Austria,47.5162,14.5501,3/9/20,2,R
12575,87,,Israel,31.0,35.0,3/9/20,0,D
12623,87,,Israel,31.0,35.0,3/9/20,39,C
12671,87,,Israel,31.0,35.0,3/9/20,2,R
12719,88,,Pakistan,30.3753,69.3451,3/9/20,0,D
12767,88,,Pakistan,30.3753,69.3451,3/9/20,6,C
12815,88,,Pakistan,30.3753,69.3451,3/9/20,1,R
12863,89,,Brazil,-14.235,-51.9253,3/9/20,0,D
12911,89,,Brazil,-14.235,-51.9253,3/9/20,25,C
12959,89,,Brazil,-14.235,-51.9253,3/9/20,0,R
13007,90,,Georgia,42.3154,43.3569,3/9/20,0,D
13055,90,,Georgia,42.3154,43.3569,3/9/20,15,C
13103,90,,Georgia,42.3154,43.3569,3/9/20,0,R
13151,91,,Greece,39.0742,21.8243,3/9/20,0,D
13199,91,,Greece,39.0742,21.8243,3/9/20,73,C
13247,91,,Greece,39.0742,21.8243,3/9/20,0,R
13295,92,,North Macedonia,41.6086,21.7453,3/9/20,0,D
13343,92,,North Macedonia,41.6086,21.7453,3/9/20,3,C
13391,92,,North Macedonia,41.6086,21.7453,3/9/20,0,R
13439,93,,Norway,60.472,8.4689,3/9/20,0,D
13487,93,,Norway,60.472,8.4689,3/9/20,205,C
13535,93,,Norway,60.472,8.4689,3/9/20,1,R
13583,94,,Romania,45.9432,24.9668,3/9/20,0,D
13631,94,,Romania,45.9432,24.9668,3/9/20,15,C
13679,94,,Romania,45.9432,24.9668,3/9/20,3,R
13727,95,,Denmark,56.2639,9.5018,3/9/20,0,D
13775,95,,Denmark,56.2639,9.5018,3/9/20,90,C
13823,95,,Denmark,56.2639,9.5018,3/9/20,1,R
13871,96,,Estonia,58.5953,25.0136,3/9/20,0,D
13919,96,,Estonia,58.5953,25.0136,3/9/20,10,C
13967,96,,Estonia,58.5953,25.0136,3/9/20,0,R
14015,97,,Netherlands,52.1326,5.2913,3/9/20,3,D
14063,97,,Netherlands,52.1326,5.2913,3/9/20,321,C
14111,97,,Netherlands,52.1326,5.2913,3/9/20,0,R
14159,98,,San Marino,43.9424,12.4578,3/9/20,1,D
14207,98,,San Marino,43.9424,12.4578,3/9/20,36,C
14255,98,,San Marino,43.9424,12.4578,3/9/20,0,R
14303,99,,Belarus,53.7098,27.9534,3/9/20,0,D
14351,99,,Belarus,53.7098,27.9534,3/9/20,6,C
14399,99,,Belarus,53.7098,27.9534,3/9/20,1,R
14447,100,,Iceland,64.9631,-19.0208,3/9/20,0,D
14495,100,,Iceland,64.9631,-19.0208,3/9/20,58,C
14543,100,,Iceland,64.9631,-19.0208,3/9/20,0,R
14591,101,,Lithuania,55.1694,23.8813,3/9/20,0,D
14639,101,,Lithuania,55.1694,23.8813,3/9/20,1,C
14687,101,,Lithuania,55.1694,23.8813,3/9/20,0,R
14735,102,,Mexico,23.6345,-102.5528,3/9/20,0,D
14783,102,,Mexico,23.6345,-102.5528,3/9/20,7,C
14831,102,,Mexico,23.6345,-102.5528,3/9/20,1,R
14879,103,,New Zealand,-40.9006,174.886,3/9/20,0,D
14927,103,,New Zealand,-40.9006,174.886,3/9/20,5,C
14975,103,,New Zealand,-40.9006,174.886,3/9/20,0,R
15023,104,,Nigeria,9.082,8.6753,3/9/20,0,D
15071,104,,Nigeria,9.082,8.6753,3/9/20,2,C
15119,104,,Nigeria,9.082,8.6753,3/9/20,0,R
15167,105,Western Australia,Australia,-31.9505,115.8605,3/9/20,1,D
15215,105,Western Australia,Australia,-31.9505,115.8605,3/9/20,4,C
15263,105,Western Australia,Australia,-31.9505,115.8605,3/9/20,0,R
15311,106,,Ireland,53.1424,-7.6921,3/9/20,0,D
15359,106,,Ireland,53.1424,-7.6921,3/9/20,21,C
15407,106,,Ireland,53.1424,-7.6921,3/9/20,0,R
15455,107,,Luxembourg,49.8153,6.1296,3/9/20,0,D
15503,107,,Luxembourg,49.8153,6.1296,3/9/20,3,C
15551,107,,Luxembourg,49.8153,6.1296,3/9/20,0,R
15599,108,,Monaco,43.7333,7.4167,3/9/20,0,D
15647,108,,Monaco,43.7333,7.4167,3/9/20,1,C
15695,108,,Monaco,43.7333,7.4167,3/9/20,0,R
15743,109,,Qatar,25.3548,51.1839,3/9/20,0,D
15791,109,,Qatar,25.3548,51.1839,3/9/20,18,C
15839,109,,Qatar,25.3548,51.1839,3/9/20,0,R
15887,110,"Snohomish County, WA",US,48.033,-121.8339,3/9/20,1,D
15935,110,"Snohomish County, WA",US,48.033,-121.8339,3/9/20,31,C
15983,110,"Snohomish County, WA",US,48.033,-121.8339,3/9/20,0,R
16031,111,,Ecuador,-1.8312,-78.1834,3/9/20,0,D
16079,111,,Ecuador,-1.8312,-78.1834,3/9/20,15,C
16127,111,,Ecuador,-1.8312,-78.1834,3/9/20,0,R
16175,112,,Azerbaijan,40.1431,47.5769,3/9/20,0,D
16223,112,,Azerbaijan,40.1431,47.5769,3/9/20,9,C
16271,112,,Azerbaijan,40.1431,47.5769,3/9/20,0,R
16319,113,,Czech Republic,49.8175,15.472999999999999,3/9/20,0,D
16367,113,,Czech Republic,49.8175,15.472999999999999,3/9/20,31,C
16415,113,,Czech Republic,49.8175,15.472999999999999,3/9/20,0,R
16463,114,,Armenia,40.0691,45.0382,3/9/20,0,D
16511,114,,Armenia,40.0691,45.0382,3/9/20,1,C
16559,114,,Armenia,40.0691,45.0382,3/9/20,0,R
16607,115,,Dominican Republic,18.7357,-70.1627,3/9/20,0,D
16655,115,,Dominican Republic,18.7357,-70.1627,3/9/20,5,C
16703,115,,Dominican Republic,18.7357,-70.1627,3/9/20,0,R
16751,116,,Indonesia,-0.7893,113.9213,3/9/20,0,D
16799,116,,Indonesia,-0.7893,113.9213,3/9/20,19,C
16847,116,,Indonesia,-0.7893,113.9213,3/9/20,0,R
16895,117,,Portugal,39.3999,-8.2245,3/9/20,0,D
16943,117,,Portugal,39.3999,-8.2245,3/9/20,30,C
16991,117,,Portugal,39.3999,-8.2245,3/9/20,0,R
17039,118,,Andorra,42.5063,1.5218,3/9/20,0,D
17087,118,,Andorra,42.5063,1.5218,3/9/20,1,C
17135,118,,Andorra,42.5063,1.5218,3/9/20,0,R
17183,119,Tasmania,Australia,-41.4545,145.9707,3/9/20,0,D
17231,119,Tasmania,Australia,-41.4545,145.9707,3/9/20,2,C
17279,119,Tasmania,Australia,-41.4545,145.9707,3/9/20,0,R
17327,120,,Latvia,56.8796,24.6032,3/9/20,0,D
17375,120,,Latvia,56.8796,24.6032,3/9/20,6,C
17423,120,,Latvia,56.8796,24.6032,3/9/20,0,R
17471,121,,Morocco,31.7917,-7.0926,3/9/20,0,D
17519,121,,Morocco,31.7917,-7.0926,3/9/20,2,C
17567,121,,Morocco,31.7917,-7.0926,3/9/20,0,R
17615,122,,Saudi Arabia,24.0,45.0,3/9/20,0,D
17663,122,,Saudi Arabia,24.0,45.0,3/9/20,15,C
17711,122,,Saudi Arabia,24.0,45.0,3/9/20,0,R
17759,123,,Senegal,14.4974,-14.4524,3/9/20,0,D
17807,123,,Senegal,14.4974,-14.4524,3/9/20,4,C
17855,123,,Senegal,14.4974,-14.4524,3/9/20,1,R
17903,124,"Grafton County, NH",US,43.9088,-71.82600000000001,3/9/20,0,D
17951,124,"Grafton County, NH",US,43.9088,-71.82600000000001,3/9/20,4,C
17999,124,"Grafton County, NH",US,43.9088,-71.82600000000001,3/9/20,0,R
18047,125,"Hillsborough, FL",US,27.9904,-82.3018,3/9/20,0,D
18095,125,"Hillsborough, FL",US,27.9904,-82.3018,3/9/20,2,C
18143,125,"Hillsborough, FL",US,27.9904,-82.3018,3/9/20,0,R
18191,126,"Placer County, CA",US,39.0916,-120.8039,3/9/20,1,D
18239,126,"Placer County, CA",US,39.0916,-120.8039,3/9/20,7,C
18287,126,"Placer County, CA",US,39.0916,-120.8039,3/9/20,0,R
18335,127,"San Mateo, CA",US,37.563,-122.3255,3/9/20,0,D
18383,127,"San Mateo, CA",US,37.563,-122.3255,3/9/20,2,C
18431,127,"San Mateo, CA",US,37.563,-122.3255,3/9/20,0,R
18479,128,"Sarasota, FL",US,27.3364,-82.5307,3/9/20,0,D
18527,128,"Sarasota, FL",US,27.3364,-82.5307,3/9/20,1,C
18575,128,"Sarasota, FL",US,27.3364,-82.5307,3/9/20,0,R
18623,129,"Sonoma County, CA",US,38.578,-122.9888,3/9/20,0,D
18671,129,"Sonoma County, CA",US,38.578,-122.9888,3/9/20,3,C
18719,129,"Sonoma County, CA",US,38.578,-122.9888,3/9/20,0,R
18767,130,"Umatilla, OR",US,45.775,-118.7606,3/9/20,0,D
18815,130,"Umatilla, OR",US,45.775,-118.7606,3/9/20,1,C
18863,130,"Umatilla, OR",US,45.775,-118.7606,3/9/20,0,R
18911,131,"Fulton County, GA",US,33.8034,-84.3963,3/9/20,0,D
18959,131,"Fulton County, GA",US,33.8034,-84.3963,3/9/20,5,C
19007,131,"Fulton County, GA",US,33.8034,-84.3963,3/9/20,0,R
19055,132,"Washington County, OR",US,45.547,-123.1386,3/9/20,0,D
19103,132,"Washington County, OR",US,45.547,-123.1386,3/9/20,8,C
19151,132,"Washington County, OR",US,45.547,-123.1386,3/9/20,0,R
19199,133,,Argentina,-38.4161,-63.6167,3/9/20,1,D
19247,133,,Argentina,-38.4161,-63.6167,3/9/20,12,C
19295,133,,Argentina,-38.4161,-63.6167,3/9/20,0,R
19343,134,,Chile,-35.6751,-71.543,3/9/20,0,D
19391,134,,Chile,-35.6751,-71.543,3/9/20,8,C
19439,134,,Chile,-35.6751,-71.543,3/9/20,0,R
19487,135,,Jordan,31.24,36.51,3/9/20,0,D
19535,135,,Jordan,31.24,36.51,3/9/20,1,C
19583,135,,Jordan,31.24,36.51,3/9/20,0,R
19631,136," Norfolk County, MA",US,42.1767,-71.1449,3/9/20,0,D
19679,136," Norfolk County, MA",US,42.1767,-71.1449,3/9/20,6,C
19727,136," Norfolk County, MA",US,42.1767,-71.1449,3/9/20,0,R
19775,137,"Maricopa County, AZ",US,33.2918,-112.4291,3/9/20,0,D
19823,137,"Maricopa County, AZ",US,33.2918,-112.4291,3/9/20,3,C
19871,137,"Maricopa County, AZ",US,33.2918,-112.4291,3/9/20,1,R
19919,138,"Wake County, NC",US,35.8032,-78.5661,3/9/20,0,D
19967,138,"Wake County, NC",US,35.8032,-78.5661,3/9/20,1,C
20015,138,"Wake County, NC",US,35.8032,-78.5661,3/9/20,0,R
20063,139,"Westchester County, NY",US,41.122,-73.7949,3/9/20,0,D
20111,139,"Westchester County, NY",US,41.122,-73.7949,3/9/20,98,C
20159,139,"Westchester County, NY",US,41.122,-73.7949,3/9/20,0,R
20207,140,,Ukraine,48.3794,31.1656,3/9/20,0,D
20255,140,,Ukraine,48.3794,31.1656,3/9/20,1,C
20303,140,,Ukraine,48.3794,31.1656,3/9/20,0,R
20351,141,,Saint Barthelemy,17.9,-62.8333,3/9/20,0,D
20399,141,,Saint Barthelemy,17.9,-62.8333,3/9/20,1,C
20447,141,,Saint Barthelemy,17.9,-62.8333,3/9/20,0,R
20495,142,"Orange County, CA",US,33.7879,-117.8531,3/9/20,0,D
20543,142,"Orange County, CA",US,33.7879,-117.8531,3/9/20,4,C
20591,142,"Orange County, CA",US,33.7879,-117.8531,3/9/20,0,R
20639,143,,Hungary,47.1625,19.5033,3/9/20,0,D
20687,143,,Hungary,47.1625,19.5033,3/9/20,9,C
20735,143,,Hungary,47.1625,19.5033,3/9/20,0,R
20783,144,Northern Territory,Australia,-12.4634,130.8456,3/9/20,0,D
20831,144,Northern Territory,Australia,-12.4634,130.8456,3/9/20,0,C
20879,144,Northern Territory,Australia,-12.4634,130.8456,3/9/20,0,R
20927,145,,Faroe Islands,61.8926,-6.9118,3/9/20,0,D
20975,145,,Faroe Islands,61.8926,-6.9118,3/9/20,2,C
21023,145,,Faroe Islands,61.8926,-6.9118,3/9/20,0,R
21071,146,,Gibraltar,36.1408,-5.3536,3/9/20,0,D
21119,146,,Gibraltar,36.1408,-5.3536,3/9/20,1,C
21167,146,,Gibraltar,36.1408,-5.3536,3/9/20,0,R
21215,147,,Liechtenstein,47.14,9.55,3/9/20,0,D
21263,147,,Liechtenstein,47.14,9.55,3/9/20,1,C
21311,147,,Liechtenstein,47.14,9.55,3/9/20,0,R
21359,148,,Poland,51.9194,19.1451,3/9/20,0,D
21407,148,,Poland,51.9194,19.1451,3/9/20,16,C
21455,148,,Poland,51.9194,19.1451,3/9/20,0,R
21503,149,,Tunisia,34.0,9.0,3/9/20,0,D
21551,149,,Tunisia,34.0,9.0,3/9/20,2,C
21599,149,,Tunisia,34.0,9.0,3/9/20,0,R
21647,150,"Contra Costa County, CA",US,37.8534,-121.9018,3/9/20,0,D
21695,150,"Contra Costa County, CA",US,37.8534,-121.9018,3/9/20,12,C
21743,150,"Contra Costa County, CA",US,37.8534,-121.9018,3/9/20,0,R
21791,151,,Palestine,31.9522,35.2332,3/9/20,0,D
21839,151,,Palestine,31.9522,35.2332,3/9/20,22,C
21887,151,,Palestine,31.9522,35.2332,3/9/20,0,R
21935,152,,Bosnia and Herzegovina,43.9159,17.6791,3/9/20,0,D
21983,152,,Bosnia and Herzegovina,43.9159,17.6791,3/9/20,3,C
22031,152,,Bosnia and Herzegovina,43.9159,17.6791,3/9/20,0,R
22079,153,,Slovenia,46.1512,14.9955,3/9/20,0,D
22127,153,,Slovenia,46.1512,14.9955,3/9/20,16,C
22175,153,,Slovenia,46.1512,14.9955,3/9/20,0,R
22223,154,"Bergen County, NJ",US,40.9263,-74.077,3/9/20,0,D
22271,154,"Bergen County, NJ",US,40.9263,-74.077,3/9/20,4,C
22319,154,"Bergen County, NJ",US,40.9263,-74.077,3/9/20,0,R
22367,155,"Harris County, TX",US,29.7752,-95.3103,3/9/20,0,D
22415,155,"Harris County, TX",US,29.7752,-95.3103,3/9/20,6,C
22463,155,"Harris County, TX",US,29.7752,-95.3103,3/9/20,0,R
22511,156,"San Francisco County, CA",US,37.7749,-122.4194,3/9/20,0,D
22559,156,"San Francisco County, CA",US,37.7749,-122.4194,3/9/20,9,C
22607,156,"San Francisco County, CA",US,37.7749,-122.4194,3/9/20,0,R
22655,157,,South Africa,-30.5595,22.9375,3/9/20,0,D
22703,157,,South Africa,-30.5595,22.9375,3/9/20,3,C
22751,157,,South Africa,-30.5595,22.9375,3/9/20,0,R
22799,158,"Clark County, NV",US,36.0796,-115.094,3/9/20,0,D
22847,158,"Clark County, NV",US,36.0796,-115.094,3/9/20,2,C
22895,158,"Clark County, NV",US,36.0796,-115.094,3/9/20,0,R
22943,159,"Fort Bend County, TX",US,29.5693,-95.8143,3/9/20,0,D
22991,159,"Fort Bend County, TX",US,29.5693,-95.8143,3/9/20,6,C
23039,159,"Fort Bend County, TX",US,29.5693,-95.8143,3/9/20,0,R
23087,160,"Grant County, WA",US,47.1981,-119.3732,3/9/20,1,D
23135,160,"Grant County, WA",US,47.1981,-119.3732,3/9/20,1,C
23183,160,"Grant County, WA",US,47.1981,-119.3732,3/9/20,0,R
23231,161,"Santa Rosa County, FL",US,30.769000000000002,-86.9824,3/9/20,1,D
23279,161,"Santa Rosa County, FL",US,30.769000000000002,-86.9824,3/9/20,1,C
23327,161,"Santa Rosa County, FL",US,30.769000000000002,-86.9824,3/9/20,0,R
23375,162,"Williamson County, TN",US,35.9179,-86.8622,3/9/20,0,D
23423,162,"Williamson County, TN",US,35.9179,-86.8622,3/9/20,1,C
23471,162,"Williamson County, TN",US,35.9179,-86.8622,3/9/20,0,R
23519,163,"New York County, NY",US,40.7128,-74.006,3/9/20,0,D
23567,163,"New York County, NY",US,40.7128,-74.006,3/9/20,19,C
23615,163,"New York County, NY",US,40.7128,-74.006,3/9/20,0,R
23663,164,"Unassigned Location, WA",US,47.7511,-120.7401,3/9/20,0,D
23711,164,"Unassigned Location, WA",US,47.7511,-120.7401,3/9/20,5,C
23759,164,"Unassigned Location, WA",US,47.7511,-120.7401,3/9/20,0,R
23807,165,"Montgomery County, MD",US,39.1547,-77.2405,3/9/20,0,D
23855,165,"Montgomery County, MD",US,39.1547,-77.2405,3/9/20,4,C
23903,165,"Montgomery County, MD",US,39.1547,-77.2405,3/9/20,0,R
23951,166,"Suffolk County, MA",US,42.3601,-71.0589,3/9/20,0,D
23999,166,"Suffolk County, MA",US,42.3601,-71.0589,3/9/20,8,C
24047,166,"Suffolk County, MA",US,42.3601,-71.0589,3/9/20,1,R
24095,167,"Denver County, CO",US,39.7392,-104.9903,3/9/20,0,D
24143,167,"Denver County, CO",US,39.7392,-104.9903,3/9/20,2,C
24191,167,"Denver County, CO",US,39.7392,-104.9903,3/9/20,0,R
24239,168,"Summit County, CO",US,39.5912,-106.064,3/9/20,0,D
24287,168,"Summit County, CO",US,39.5912,-106.064,3/9/20,2,C
24335,168,"Summit County, CO",US,39.5912,-106.064,3/9/20,0,R
24383,169,,Bhutan,27.5142,90.4336,3/9/20,0,D
24431,169,,Bhutan,27.5142,90.4336,3/9/20,1,C
24479,169,,Bhutan,27.5142,90.4336,3/9/20,0,R
24527,170,,Cameroon,3.8480000000000003,11.5021,3/9/20,0,D
24575,170,,Cameroon,3.8480000000000003,11.5021,3/9/20,2,C
24623,170,,Cameroon,3.8480000000000003,11.5021,3/9/20,0,R
24671,171,,Colombia,4.5709,-74.2973,3/9/20,0,D
24719,171,,Colombia,4.5709,-74.2973,3/9/20,1,C
24767,171,,Colombia,4.5709,-74.2973,3/9/20,0,R
24815,172,,Costa Rica,9.7489,-83.7534,3/9/20,0,D
24863,172,,Costa Rica,9.7489,-83.7534,3/9/20,9,C
24911,172,,Costa Rica,9.7489,-83.7534,3/9/20,0,R
24959,173,,Peru,-9.19,-75.0152,3/9/20,0,D
25007,173,,Peru,-9.19,-75.0152,3/9/20,7,C
25055,173,,Peru,-9.19,-75.0152,3/9/20,0,R
25103,174,,Serbia,44.0165,21.0059,3/9/20,0,D
25151,174,,Serbia,44.0165,21.0059,3/9/20,1,C
25199,174,,Serbia,44.0165,21.0059,3/9/20,0,R
25247,175,,Slovakia,48.669,19.699,3/9/20,0,D
25295,175,,Slovakia,48.669,19.699,3/9/20,3,C
25343,175,,Slovakia,48.669,19.699,3/9/20,0,R
25391,176,,Togo,8.6195,0.8248,3/9/20,0,D
25439,176,,Togo,8.6195,0.8248,3/9/20,1,C
25487,176,,Togo,8.6195,0.8248,3/9/20,0,R
25535,177,"Chatham County, NC",US,35.7211,-79.1781,3/9/20,0,D
25583,177,"Chatham County, NC",US,35.7211,-79.1781,3/9/20,1,C
25631,177,"Chatham County, NC",US,35.7211,-79.1781,3/9/20,0,R
25679,178,"Delaware County, PA",US,39.9078,-75.3879,3/9/20,0,D
25727,178,"Delaware County, PA",US,39.9078,-75.3879,3/9/20,1,C
25775,178,"Delaware County, PA",US,39.9078,-75.3879,3/9/20,0,R
25823,179,"Douglas County, NE",US,41.3148,-96.1951,3/9/20,0,D
25871,179,"Douglas County, NE",US,41.3148,-96.1951,3/9/20,3,C
25919,179,"Douglas County, NE",US,41.3148,-96.1951,3/9/20,0,R
25967,180,"Fayette County, KY",US,38.0606,-84.4803,3/9/20,0,D
26015,180,"Fayette County, KY",US,38.0606,-84.4803,3/9/20,1,C
26063,180,"Fayette County, KY",US,38.0606,-84.4803,3/9/20,0,R
26111,181,"Marion County, IN",US,39.8362,-86.1752,3/9/20,0,D
26159,181,"Marion County, IN",US,39.8362,-86.1752,3/9/20,1,C
26207,181,"Marion County, IN",US,39.8362,-86.1752,3/9/20,0,R
26255,182,"Middlesex County, MA",US,42.4672,-71.2874,3/9/20,0,D
26303,182,"Middlesex County, MA",US,42.4672,-71.2874,3/9/20,7,C
26351,182,"Middlesex County, MA",US,42.4672,-71.2874,3/9/20,0,R
26399,183,"Nassau County, NY",US,40.6546,-73.5594,3/9/20,0,D
26447,183,"Nassau County, NY",US,40.6546,-73.5594,3/9/20,17,C
26495,183,"Nassau County, NY",US,40.6546,-73.5594,3/9/20,0,R
26543,184,"Ramsey County, MN",US,44.9964,-93.0616,3/9/20,0,D
26591,184,"Ramsey County, MN",US,44.9964,-93.0616,3/9/20,1,C
26639,184,"Ramsey County, MN",US,44.9964,-93.0616,3/9/20,0,R
26687,185,"Washoe County, NV",US,40.5608,-119.6035,3/9/20,0,D
26735,185,"Washoe County, NV",US,40.5608,-119.6035,3/9/20,2,C
26783,185,"Washoe County, NV",US,40.5608,-119.6035,3/9/20,0,R
26831,186,"Wayne County, PA",US,41.6739,-75.2479,3/9/20,0,D
26879,186,"Wayne County, PA",US,41.6739,-75.2479,3/9/20,1,C
26927,186,"Wayne County, PA",US,41.6739,-75.2479,3/9/20,0,R
26975,187,"Yolo County, CA",US,38.7646,-121.9018,3/9/20,0,D
27023,187,"Yolo County, CA",US,38.7646,-121.9018,3/9/20,1,C
27071,187,"Yolo County, CA",US,38.7646,-121.9018,3/9/20,0,R
27119,188,,Vatican City,41.9029,12.4534,3/9/20,0,D
27167,188,,Vatican City,41.9029,12.4534,3/9/20,1,C
27215,188,,Vatican City,41.9029,12.4534,3/9/20,0,R
27263,189,"Santa Clara County, CA",US,37.3541,-121.9552,3/9/20,0,D
27311,189,"Santa Clara County, CA",US,37.3541,-121.9552,3/9/20,38,C
27359,189,"Santa Clara County, CA",US,37.3541,-121.9552,3/9/20,1,R
27407,190,Grand Princess Cruise Ship,US,37.6489,-122.6655,3/9/20,0,D
27455,190,Grand Princess Cruise Ship,US,37.6489,-122.6655,3/9/20,21,C
27503,190,Grand Princess Cruise Ship,US,37.6489,-122.6655,3/9/20,0,R
27551,191,,French Guiana,3.9339,-53.1258,3/9/20,0,D
27599,191,,French Guiana,3.9339,-53.1258,3/9/20,5,C
27647,191,,French Guiana,3.9339,-53.1258,3/9/20,0,R
27695,192,,Malta,35.9375,14.3754,3/9/20,0,D
27743,192,,Malta,35.9375,14.3754,3/9/20,3,C
27791,192,,Malta,35.9375,14.3754,3/9/20,0,R
27839,193,"Douglas County, CO",US,39.2587,-104.9389,3/9/20,0,D
27887,193,"Douglas County, CO",US,39.2587,-104.9389,3/9/20,3,C
27935,193,"Douglas County, CO",US,39.2587,-104.9389,3/9/20,0,R
27983,194,"Providence County, RI",US,41.8882,-71.4774,3/9/20,0,D
28031,194,"Providence County, RI",US,41.8882,-71.4774,3/9/20,3,C
28079,194,"Providence County, RI",US,41.8882,-71.4774,3/9/20,0,R
28127,195,,Martinique,14.6415,-61.0242,3/9/20,0,D
28175,195,,Martinique,14.6415,-61.0242,3/9/20,2,C
28223,195,,Martinique,14.6415,-61.0242,3/9/20,0,R
28271,196,"Alameda County, CA",US,37.6017,-121.7195,3/9/20,0,D
28319,196,"Alameda County, CA",US,37.6017,-121.7195,3/9/20,2,C
28367,196,"Alameda County, CA",US,37.6017,-121.7195,3/9/20,0,R
28415,197,"Broward County, FL",US,26.1901,-80.3659,3/9/20,0,D
28463,197,"Broward County, FL",US,26.1901,-80.3659,3/9/20,3,C
28511,197,"Broward County, FL",US,26.1901,-80.3659,3/9/20,0,R
28559,198,"Fairfield County, CT",US,41.256,-73.3709,3/9/20,0,D
28607,198,"Fairfield County, CT",US,41.256,-73.3709,3/9/20,1,C
28655,198,"Fairfield County, CT",US,41.256,-73.3709,3/9/20,0,R
28703,199,"Lee County, FL",US,26.663,-81.9535,3/9/20,1,D
28751,199,"Lee County, FL",US,26.663,-81.9535,3/9/20,2,C
28799,199,"Lee County, FL",US,26.663,-81.9535,3/9/20,0,R
28847,200,"Pinal County, AZ",US,32.8162,-111.2845,3/9/20,0,D
28895,200,"Pinal County, AZ",US,32.8162,-111.2845,3/9/20,2,C
28943,200,"Pinal County, AZ",US,32.8162,-111.2845,3/9/20,0,R
28991,201,"Rockland County, NY",US,41.1489,-73.983,3/9/20,0,D
29039,201,"Rockland County, NY",US,41.1489,-73.983,3/9/20,4,C
29087,201,"Rockland County, NY",US,41.1489,-73.983,3/9/20,0,R
29135,202,"Saratoga County, NY",US,43.0324,-73.936,3/9/20,0,D
29183,202,"Saratoga County, NY",US,43.0324,-73.936,3/9/20,2,C
29231,202,"Saratoga County, NY",US,43.0324,-73.936,3/9/20,0,R
29279,203,"Charleston County, SC",US,32.7957,-79.7848,3/9/20,0,D
29327,203,"Charleston County, SC",US,32.7957,-79.7848,3/9/20,1,C
29375,203,"Charleston County, SC",US,32.7957,-79.7848,3/9/20,0,R
29423,204,"Clark County, WA",US,45.7466,-122.5194,3/9/20,0,D
29471,204,"Clark County, WA",US,45.7466,-122.5194,3/9/20,1,C
29519,204,"Clark County, WA",US,45.7466,-122.5194,3/9/20,0,R
29567,205,"Cobb County, GA",US,33.8999,-84.5641,3/9/20,0,D
29615,205,"Cobb County, GA",US,33.8999,-84.5641,3/9/20,3,C
29663,205,"Cobb County, GA",US,33.8999,-84.5641,3/9/20,0,R
29711,206,"Davis County, UT",US,40.9629,-112.0953,3/9/20,0,D
29759,206,"Davis County, UT",US,40.9629,-112.0953,3/9/20,1,C
29807,206,"Davis County, UT",US,40.9629,-112.0953,3/9/20,0,R
29855,207,"El Paso County, CO",US,38.9108,-104.4723,3/9/20,0,D
29903,207,"El Paso County, CO",US,38.9108,-104.4723,3/9/20,1,C
29951,207,"El Paso County, CO",US,38.9108,-104.4723,3/9/20,0,R
29999,208,"Honolulu County, HI",US,21.307,-157.8584,3/9/20,0,D
30047,208,"Honolulu County, HI",US,21.307,-157.8584,3/9/20,2,C
30095,208,"Honolulu County, HI",US,21.307,-157.8584,3/9/20,0,R
30143,209,"Jackson County, OR ",US,42.3345,-122.7647,3/9/20,0,D
30191,209,"Jackson County, OR ",US,42.3345,-122.7647,3/9/20,2,C
30239,209,"Jackson County, OR ",US,42.3345,-122.7647,3/9/20,0,R
30287,210,"Jefferson County, WA",US,47.7425,-123.304,3/9/20,0,D
30335,210,"Jefferson County, WA",US,47.7425,-123.304,3/9/20,1,C
30383,210,"Jefferson County, WA",US,47.7425,-123.304,3/9/20,0,R
30431,211,"Kershaw County, SC",US,34.3672,-80.5883,3/9/20,0,D
30479,211,"Kershaw County, SC",US,34.3672,-80.5883,3/9/20,4,C
30527,211,"Kershaw County, SC",US,34.3672,-80.5883,3/9/20,0,R
30575,212,"Klamath County, OR",US,42.6953,-121.6142,3/9/20,0,D
30623,212,"Klamath County, OR",US,42.6953,-121.6142,3/9/20,1,C
30671,212,"Klamath County, OR",US,42.6953,-121.6142,3/9/20,0,R
30719,213,"Madera County, CA",US,37.2519,-119.6963,3/9/20,0,D
30767,213,"Madera County, CA",US,37.2519,-119.6963,3/9/20,1,C
30815,213,"Madera County, CA",US,37.2519,-119.6963,3/9/20,0,R
30863,214,"Pierce County, WA",US,47.0676,-122.1295,3/9/20,0,D
30911,214,"Pierce County, WA",US,47.0676,-122.1295,3/9/20,4,C
30959,214,"Pierce County, WA",US,47.0676,-122.1295,3/9/20,0,R
31007,215,"Plymouth County, MA",US,42.1615,-70.7928,3/9/20,0,D
31055,215,"Plymouth County, MA",US,42.1615,-70.7928,3/9/20,1,C
31103,215,"Plymouth County, MA",US,42.1615,-70.7928,3/9/20,0,R
31151,216,"Tulsa County, OK",US,36.1593,-95.941,3/9/20,0,D
31199,216,"Tulsa County, OK",US,36.1593,-95.941,3/9/20,1,C
31247,216,"Tulsa County, OK",US,36.1593,-95.941,3/9/20,0,R
31295,217,"Montgomery County, TX",US,30.3213,-95.4778,3/9/20,0,D
31343,217,"Montgomery County, TX",US,30.3213,-95.4778,3/9/20,0,C
31391,217,"Montgomery County, TX",US,30.3213,-95.4778,3/9/20,0,R
31439,218,,Bulgaria,42.7339,25.4858,3/9/20,0,D
31487,218,,Bulgaria,42.7339,25.4858,3/9/20,4,C
31535,218,,Bulgaria,42.7339,25.4858,3/9/20,0,R
31583,219,,Maldives,3.2028,73.2207,3/9/20,0,D
31631,219,,Maldives,3.2028,73.2207,3/9/20,4,C
31679,219,,Maldives,3.2028,73.2207,3/9/20,0,R
31727,220,"Montgomery County, PA",US,40.229,-75.3879,3/9/20,0,D
31775,220,"Montgomery County, PA",US,40.229,-75.3879,3/9/20,5,C
31823,220,"Montgomery County, PA",US,40.229,-75.3879,3/9/20,0,R
31871,221,,Bangladesh,23.685,90.3563,3/9/20,0,D
31919,221,,Bangladesh,23.685,90.3563,3/9/20,3,C
31967,221,,Bangladesh,23.685,90.3563,3/9/20,0,R
32015,222,"Fairfax County, VA",US,38.9085,-77.2405,3/9/20,0,D
32063,222,"Fairfax County, VA",US,38.9085,-77.2405,3/9/20,2,C
32111,222,"Fairfax County, VA",US,38.9085,-77.2405,3/9/20,0,R
32159,223,"Rockingham County, NH",US,42.9931,-71.0498,3/9/20,0,D
32207,223,"Rockingham County, NH",US,42.9931,-71.0498,3/9/20,1,C
32255,223,"Rockingham County, NH",US,42.9931,-71.0498,3/9/20,0,R
32303,224,"Washington, D.C.",US,38.9072,-77.0369,3/9/20,0,D
32351,224,"Washington, D.C.",US,38.9072,-77.0369,3/9/20,2,C
32399,224,"Washington, D.C.",US,38.9072,-77.0369,3/9/20,0,R
32447,225,,Moldova,47.4116,28.3699,3/9/20,0,D
32495,225,,Moldova,47.4116,28.3699,3/9/20,1,C
32543,225,,Moldova,47.4116,28.3699,3/9/20,0,R
32591,226,,Paraguay,-23.4425,-58.4438,3/9/20,0,D
32639,226,,Paraguay,-23.4425,-58.4438,3/9/20,1,C
32687,226,,Paraguay,-23.4425,-58.4438,3/9/20,0,R
32735,227,"Berkshire County, MA",US,42.3118,-73.1822,3/9/20,0,D
32783,227,"Berkshire County, MA",US,42.3118,-73.1822,3/9/20,1,C
32831,227,"Berkshire County, MA",US,42.3118,-73.1822,3/9/20,0,R
32879,228,"Davidson County, TN",US,36.1343,-86.822,3/9/20,0,D
32927,228,"Davidson County, TN",US,36.1343,-86.822,3/9/20,1,C
32975,228,"Davidson County, TN",US,36.1343,-86.822,3/9/20,0,R
33023,229,"Douglas County, OR",US,43.1261,-123.2492,3/9/20,0,D
33071,229,"Douglas County, OR",US,43.1261,-123.2492,3/9/20,1,C
33119,229,"Douglas County, OR",US,43.1261,-123.2492,3/9/20,0,R
33167,230,"Fresno County, CA",US,36.9859,-119.2321,3/9/20,0,D
33215,230,"Fresno County, CA",US,36.9859,-119.2321,3/9/20,1,C
33263,230,"Fresno County, CA",US,36.9859,-119.2321,3/9/20,0,R
33311,231,"Harford County, MD",US,39.5839,-76.3637,3/9/20,0,D
33359,231,"Harford County, MD",US,39.5839,-76.3637,3/9/20,1,C
33407,231,"Harford County, MD",US,39.5839,-76.3637,3/9/20,0,R
33455,232,"Hendricks County, IN",US,39.8065,-86.5401,3/9/20,0,D
33503,232,"Hendricks County, IN",US,39.8065,-86.5401,3/9/20,2,C
33551,232,"Hendricks County, IN",US,39.8065,-86.5401,3/9/20,0,R
33599,233,"Hudson County, NJ",US,40.7453,-74.0535,3/9/20,0,D
33647,233,"Hudson County, NJ",US,40.7453,-74.0535,3/9/20,1,C
33695,233,"Hudson County, NJ",US,40.7453,-74.0535,3/9/20,0,R
33743,234,"Johnson County, KS",US,38.8454,-94.8521,3/9/20,0,D
33791,234,"Johnson County, KS",US,38.8454,-94.8521,3/9/20,1,C
33839,234,"Johnson County, KS",US,38.8454,-94.8521,3/9/20,0,R
33887,235,"Kittitas County, WA",US,47.175,-120.9319,3/9/20,0,D
33935,235,"Kittitas County, WA",US,47.175,-120.9319,3/9/20,1,C
33983,235,"Kittitas County, WA",US,47.175,-120.9319,3/9/20,0,R
34031,236,"Manatee County, FL",US,27.4799,-82.3452,3/9/20,0,D
34079,236,"Manatee County, FL",US,27.4799,-82.3452,3/9/20,2,C
34127,236,"Manatee County, FL",US,27.4799,-82.3452,3/9/20,0,R
34175,237,"Marion County, OR",US,44.8446,-122.5927,3/9/20,0,D
34223,237,"Marion County, OR",US,44.8446,-122.5927,3/9/20,1,C
34271,237,"Marion County, OR",US,44.8446,-122.5927,3/9/20,0,R
34319,238,"Okaloosa County, FL",US,30.5773,-86.6611,3/9/20,0,D
34367,238,"Okaloosa County, FL",US,30.5773,-86.6611,3/9/20,1,C
34415,238,"Okaloosa County, FL",US,30.5773,-86.6611,3/9/20,0,R
34463,239,"Polk County, GA",US,34.0132,-85.1479,3/9/20,0,D
34511,239,"Polk County, GA",US,34.0132,-85.1479,3/9/20,1,C
34559,239,"Polk County, GA",US,34.0132,-85.1479,3/9/20,0,R
34607,240,"Riverside County, CA",US,33.9533,-117.3961,3/9/20,0,D
34655,240,"Riverside County, CA",US,33.9533,-117.3961,3/9/20,1,C
34703,240,"Riverside County, CA",US,33.9533,-117.3961,3/9/20,0,R
34751,241,"Shelby County, TN",US,35.1269,-89.9253,3/9/20,0,D
34799,241,"Shelby County, TN",US,35.1269,-89.9253,3/9/20,1,C
34847,241,"Shelby County, TN",US,35.1269,-89.9253,3/9/20,0,R
34895,242,"Spokane County, WA",US,47.6587,-117.4225,3/9/20,0,D
34943,242,"Spokane County, WA",US,47.6587,-117.4225,3/9/20,1,C
34991,242,"Spokane County, WA",US,47.6587,-117.4225,3/9/20,0,R
35039,243,"St. Louis County, MO",US,38.6103,-90.4125,3/9/20,0,D
35087,243,"St. Louis County, MO",US,38.6103,-90.4125,3/9/20,1,C
35135,243,"St. Louis County, MO",US,38.6103,-90.4125,3/9/20,0,R
35183,244,"Suffolk County, NY",US,40.9849,-72.6151,3/9/20,0,D
35231,244,"Suffolk County, NY",US,40.9849,-72.6151,3/9/20,1,C
35279,244,"Suffolk County, NY",US,40.9849,-72.6151,3/9/20,0,R
35327,245,"Ulster County, NY",US,41.8586,-74.3118,3/9/20,0,D
35375,245,"Ulster County, NY",US,41.8586,-74.3118,3/9/20,1,C
35423,245,"Ulster County, NY",US,41.8586,-74.3118,3/9/20,0,R
35471,246,"Unknown Location, MA",US,42.4072,-71.3824,3/9/20,0,D
35519,246,"Unknown Location, MA",US,42.4072,-71.3824,3/9/20,1,C
35567,246,"Unknown Location, MA",US,42.4072,-71.3824,3/9/20,0,R
35615,247,"Volusia County, FL",US,29.028000000000002,-81.0755,3/9/20,0,D
35663,247,"Volusia County, FL",US,29.028000000000002,-81.0755,3/9/20,1,C
35711,247,"Volusia County, FL",US,29.028000000000002,-81.0755,3/9/20,0,R
35759,248,Ontario,Canada,51.2538,-85.3232,3/9/20,0,D
35807,248,Ontario,Canada,51.2538,-85.3232,3/9/20,34,C
35855,248,Ontario,Canada,51.2538,-85.3232,3/9/20,4,R
35903,249,Alberta,Canada,53.9333,-116.5765,3/9/20,0,D
35951,249,Alberta,Canada,53.9333,-116.5765,3/9/20,7,C
35999,249,Alberta,Canada,53.9333,-116.5765,3/9/20,0,R
36047,250,Quebec,Canada,52.9399,-73.5491,3/9/20,0,D
36095,250,Quebec,Canada,52.9399,-73.5491,3/9/20,4,C
36143,250,Quebec,Canada,52.9399,-73.5491,3/9/20,0,R
36191,251,"Johnson County, IA",US,41.6699,-91.5984,3/9/20,0,D
36239,251,"Johnson County, IA",US,41.6699,-91.5984,3/9/20,3,C
36287,251,"Johnson County, IA",US,41.6699,-91.5984,3/9/20,0,R
36335,252,,Albania,41.1533,20.1683,3/9/20,0,D
36383,252,,Albania,41.1533,20.1683,3/9/20,2,C
36431,252,,Albania,41.1533,20.1683,3/9/20,0,R
36479,253,,Cyprus,35.1264,33.4299,3/9/20,0,D
36527,253,,Cyprus,35.1264,33.4299,3/9/20,2,C
36575,253,,Cyprus,35.1264,33.4299,3/9/20,0,R
36623,254,,St. Martin,18.0708,-63.0501,3/9/20,0,D
36671,254,,St. Martin,18.0708,-63.0501,3/9/20,2,C
36719,254,,St. Martin,18.0708,-63.0501,3/9/20,0,R
36767,255,"Harrison County, KY",US,38.4333,-84.3542,3/9/20,0,D
36815,255,"Harrison County, KY",US,38.4333,-84.3542,3/9/20,2,C
36863,255,"Harrison County, KY",US,38.4333,-84.3542,3/9/20,0,R
36911,256,,Brunei,4.5353,114.7277,3/9/20,0,D
36959,256,,Brunei,4.5353,114.7277,3/9/20,1,C
37007,256,,Brunei,4.5353,114.7277,3/9/20,0,R
37055,257,"Bennington County, VT",US,43.0279,-73.135,3/9/20,0,D
37103,257,"Bennington County, VT",US,43.0279,-73.135,3/9/20,1,C
37151,257,"Bennington County, VT",US,43.0279,-73.135,3/9/20,0,R
37199,258,"Carver County, MN",US,44.8254,-93.7842,3/9/20,0,D
37247,258,"Carver County, MN",US,44.8254,-93.7842,3/9/20,1,C
37295,258,"Carver County, MN",US,44.8254,-93.7842,3/9/20,0,R
37343,259,"Charlotte County, FL",US,26.8946,-81.9098,3/9/20,0,D
37391,259,"Charlotte County, FL",US,26.8946,-81.9098,3/9/20,1,C
37439,259,"Charlotte County, FL",US,26.8946,-81.9098,3/9/20,0,R
37487,260,"Cherokee County, GA",US,34.2515,-84.4803,3/9/20,0,D
37535,260,"Cherokee County, GA",US,34.2515,-84.4803,3/9/20,1,C
37583,260,"Cherokee County, GA",US,34.2515,-84.4803,3/9/20,0,R
37631,261,"Collin County, TX",US,33.1795,-96.493,3/9/20,0,D
37679,261,"Collin County, TX",US,33.1795,-96.493,3/9/20,1,C
37727,261,"Collin County, TX",US,33.1795,-96.493,3/9/20,0,R
37775,262,"Jefferson County, KY",US,38.1938,-85.6435,3/9/20,0,D
37823,262,"Jefferson County, KY",US,38.1938,-85.6435,3/9/20,1,C
37871,262,"Jefferson County, KY",US,38.1938,-85.6435,3/9/20,0,R
37919,263,"Jefferson Parish, LA",US,29.6499,-90.1121,3/9/20,0,D
37967,263,"Jefferson Parish, LA",US,29.6499,-90.1121,3/9/20,1,C
38015,263,"Jefferson Parish, LA",US,29.6499,-90.1121,3/9/20,0,R
38063,264,"Shasta County, CA",US,40.7909,-121.8474,3/9/20,0,D
38111,264,"Shasta County, CA",US,40.7909,-121.8474,3/9/20,1,C
38159,264,"Shasta County, CA",US,40.7909,-121.8474,3/9/20,0,R
38207,265,"Spartanburg County, SC",US,34.8606,-81.9535,3/9/20,0,D
38255,265,"Spartanburg County, SC",US,34.8606,-81.9535,3/9/20,1,C
38303,265,"Spartanburg County, SC",US,34.8606,-81.9535,3/9/20,0,R
